state,city,test_rows,mean_absolute_error,max_absolute_error,mean_actual_aqi,mean_predicted_aqi
Andhra Pradesh,Amaravati,2,32.81,34.26,500.0,467.19
Andhra Pradesh,Anantapur,2,5.63,6.97,332.63,338.26
Andhra Pradesh,Chittoor,2,4.74,4.87,323.85,319.11
Andhra Pradesh,Eluru,2,11.41,18.08,315.06,326.47
Andhra Pradesh,Guntur,2,28.96,31.6,297.58,326.54
Andhra Pradesh,Kadapa,2,11.08,11.22,373.64,384.72
Andhra Pradesh,Kurnool,2,29.17,31.02,187.47,216.64
Andhra Pradesh,Machilipatnam,2,20.22,25.05,329.71,349.92
Andhra Pradesh,Nellore,2,3.03,4.67,415.94,417.59
Andhra Pradesh,Rajamahendravaram,2,7.72,12.3,361.92,369.65
Andhra Pradesh,Tirumala,2,34.63,39.43,188.16,183.36
Andhra Pradesh,Tirupati,2,1.17,1.18,323.85,325.02
Andhra Pradesh,Vijayawada,8,8.3,28.25,391.13,384.51
Andhra Pradesh,Visakhapatnam,2,72.44,103.15,249.78,322.22
Assam,Byrnihat,2,8.91,9.94,500.0,491.09
Assam,Guwahati,6,4.12,9.09,276.61,276.43
Assam,Nagaon,2,4.28,5.2,326.77,325.86
Assam,Nalbari,2,49.06,61.55,323.85,274.79
Assam,Silchar,2,4.09,4.15,388.28,384.19
Assam,Sivasagar,2,8.51,13.73,315.06,309.84
Bihar,Araria,2,4.08,5.28,320.92,325.0
Bihar,Arrah,2,10.99,18.46,493.78,486.3
Bihar,Begusarai,2,1.15,1.28,300.0,298.85
Bihar,Bhagalpur,2,10.34,10.51,335.56,345.91
Bihar,Bihar Sharif,2,0.04,0.04,500.0,499.96
Bihar,Buxar,2,16.32,16.35,347.28,330.96
Bihar,Chhapra,2,0.0,0.0,500.0,500.0
Bihar,Gaya,4,19.13,46.97,377.03,367.84
Bihar,Hajipur,2,5.88,9.91,406.6,412.48
Bihar,Katihar,2,1.07,1.07,500.0,498.93
Bihar,Kishanganj,2,0.01,0.02,256.96,256.97
Bihar,Motihari,2,4.15,4.2,228.26,232.41
Bihar,Munger,2,3.23,3.4,412.83,409.6
Bihar,Muzaffarpur,9,6.63,15.12,334.65,335.62
Bihar,Patna,14,4.09,16.33,371.92,371.14
Bihar,Purnia,3,0.0,0.0,500.0,500.0
Bihar,Rajgir,2,2.46,4.14,459.53,461.2
Bihar,Saharsa,2,3.19,6.31,431.51,434.64
Bihar,Samastipur,2,13.0,16.09,131.07,127.98
Chandigarh,Chandigarh,6,8.79,24.27,406.18,399.22
Chhattisgarh,Bhilai,6,9.11,16.99,343.3,343.07
Chhattisgarh,Bilaspur,2,11.01,14.22,376.57,365.56
Chhattisgarh,Chhal,2,27.11,28.43,228.26,255.37
Chhattisgarh,Korba,4,13.18,19.63,242.72,255.9
Chhattisgarh,Kunjemura,2,2.78,5.02,332.63,334.87
Chhattisgarh,Milupara,2,33.36,48.67,174.94,208.3
Chhattisgarh,Raipur,6,2.96,5.99,311.02,309.06
Chhattisgarh,Tumidih,1,17.05,17.05,271.3,288.35
Delhi,Delhi,101,10.51,127.45,423.08,427.28
Gujarat,Ahmedabad,18,7.23,18.01,380.41,382.42
Gujarat,Ankleshwar,2,3.91,4.09,493.77,489.86
Gujarat,Bhavnagar,2,0.0,0.0,500.0,500.0
Gujarat,Gandhinagar,6,63.5,357.99,309.35,369.94
Gujarat,Mehsana,2,0.0,0.0,500.0,500.0
Gujarat,Rajkot,2,0.0,0.0,500.0,500.0
Gujarat,Surat,4,115.81,360.44,331.42,397.13
Gujarat,Vadodara,2,228.52,445.0,277.5,493.98
Gujarat,Vapi,2,1.6,2.62,119.78,118.75
Gujarat,Vatva,2,0.63,1.18,382.43,381.8
Haryana,Ambala,2,0.15,0.15,500.0,499.85
Haryana,Bahadurgarh,2,1.24,1.28,493.77,492.53
Haryana,Ballabgarh,2,6.8,13.57,500.0,493.2
Haryana,Bhiwani,2,4.96,8.03,312.13,309.06
Haryana,Charkhi Dadri,2,5.32,7.97,366.62,361.29
Haryana,Dharuhera,2,6.05,11.23,500.0,493.95
Haryana,Faridabad,8,5.35,15.25,437.6,434.41
Haryana,Fatehabad,3,3.22,5.68,487.55,490.77
Haryana,Gurugram,8,5.56,20.54,419.96,422.89
Haryana,Hisar,2,0.23,0.46,500.0,499.77
Haryana,Jind,2,1.52,1.62,365.46,363.95
Haryana,Karnal,2,3.01,5.44,496.88,499.31
Haryana,Kurukshetra,2,9.83,12.09,317.99,327.82
Haryana,Mandikhera,2,0.12,0.12,394.14,394.02
Haryana,Manesar,2,2.92,4.3,388.28,391.2
Haryana,Narnaul,2,1.16,1.33,304.07,305.23
Haryana,Palwal,2,18.26,27.32,490.66,481.6
Haryana,Panchgaon,2,0.95,0.99,393.48,393.44
Haryana,Panchkula,2,3.84,6.11,312.13,314.4
Haryana,Panipat,2,14.57,18.45,361.92,376.49
Haryana,Rohtak,2,2.55,2.94,425.28,427.83
Haryana,Sirsa,2,42.22,42.34,500.0,457.78
Haryana,Sonipat,2,2.99,4.32,385.36,382.36
Haryana,Yamuna Nagar,2,5.13,6.31,327.48,332.6
Himachal Pradesh,Baddi,2,0.02,0.02,500.0,499.98
Jammu and Kashmir,Pampore,2,70.63,137.64,97.46,164.48
Jammu and Kashmir,Srinagar,6,8.43,18.09,235.36,233.16
Jharkhand,Dhanbad,2,39.22,60.35,131.07,170.3
Jharkhand,Jorapokhar,3,0.19,0.19,431.51,431.32
Karnataka,Bagalkot,3,13.89,17.21,333.61,336.03
Karnataka,Bengaluru,29,20.22,287.8,259.2,272.15
Karnataka,Chamarajanagar,3,2.44,3.18,329.7,327.26
Karnataka,Chikkaballapur,3,5.48,13.58,339.47,334.14
Karnataka,Chikkamagaluru,3,6.3,14.09,271.3,268.2
Karnataka,Dharwad,3,3.84,8.85,448.11,451.96
Karnataka,Gadag,3,7.18,12.21,247.39,248.36
Karnataka,Hubballi,2,8.53,11.9,264.13,267.5
Karnataka,Kalaburagi,2,1.19,1.24,382.43,383.62
Karnataka,Karwar,2,5.94,11.2,361.92,355.98
Karnataka,Koppal,2,4.95,8.19,323.85,320.61
Karnataka,Madikeri,2,9.81,15.28,242.61,248.08
Karnataka,Mangalore,2,0.6,0.61,83.1,83.7
Karnataka,Mysuru,2,116.58,215.84,174.82,291.41
Karnataka,Ramanagara,3,3.97,7.52,341.42,340.02
Karnataka,Shivamogga,3,5.63,7.22,364.85,359.22
Karnataka,Vijayapura,3,4.37,6.55,333.61,337.98
Karnataka,Yadgir,3,59.97,153.13,102.97,60.85
Kerala,Thrissur,3,6.5,7.05,329.7,323.2
Madhya Pradesh,Bhopal,9,47.09,283.69,306.2,334.7
Madhya Pradesh,Damoh,3,30.33,32.45,325.8,295.47
Madhya Pradesh,Dewas,3,78.61,192.54,246.37,299.07
Madhya Pradesh,Gwalior,9,9.92,36.24,413.04,420.44
Madhya Pradesh,Indore,12,7.66,23.69,365.33,368.5
Madhya Pradesh,Jabalpur,8,41.85,75.42,389.18,361.78
Madhya Pradesh,Katni,2,17.3,30.67,376.57,359.27
Madhya Pradesh,Maihar,2,3.14,3.39,329.7,329.95
Madhya Pradesh,Mandideep,2,6.37,9.59,347.28,344.06
Madhya Pradesh,Pithampur,2,107.28,206.33,258.53,357.58
Madhya Pradesh,Ratlam,1,0.81,0.81,64.52,63.71
Madhya Pradesh,Sagar,2,169.37,338.22,238.1,407.47
Madhya Pradesh,Satna,2,5.94,6.74,309.2,315.14
Madhya Pradesh,Singrauli,2,126.7,239.39,219.71,346.41
Madhya Pradesh,Ujjain,2,1.5,2.24,350.21,351.71
Maharashtra,Ahmednagar,2,15.82,23.61,256.96,272.78
Maharashtra,Akola,2,11.03,18.11,295.96,306.99
Maharashtra,Ambernath,2,20.19,26.27,256.96,277.14
Maharashtra,Amravati,4,12.44,24.67,268.73,280.11
Maharashtra,Aurangabad,6,18.98,42.87,408.92,400.59
Maharashtra,Badlapur,2,12.61,24.0,315.06,303.67
Maharashtra,Beed,2,16.95,33.85,278.48,295.38
Maharashtra,Belapur,2,17.06,17.91,298.89,315.95
Maharashtra,Bhiwandi,2,24.87,36.0,249.78,274.65
Maharashtra,Boisar,2,12.2,20.95,295.96,308.16
Maharashtra,Chandrapur,4,17.76,38.7,465.76,447.99
Maharashtra,Dombivli,2,9.43,9.79,249.78,259.21
Maharashtra,Hingoli,2,20.69,24.66,200.69,221.38
Maharashtra,Jalna,1,18.23,18.23,213.91,195.68
Maharashtra,Kalyan,2,0.09,0.09,437.74,437.83
Maharashtra,Kolhapur,4,6.85,12.34,162.4,156.04
Maharashtra,Latur,2,16.45,22.75,242.61,259.06
Maharashtra,Mahad,2,35.46,67.76,323.85,288.38
Maharashtra,Malegaon,1,7.99,7.99,271.3,279.29
Maharashtra,Mira-Bhayandar,2,8.74,14.92,306.06,314.8
Maharashtra,Mumbai,39,10.77,43.38,314.68,318.83
Maharashtra,Nagpur,8,15.83,56.03,314.87,330.26
Maharashtra,Nanded,2,1.49,1.95,323.85,322.36
Maharashtra,Nashik,8,6.31,20.4,301.26,301.86
Maharashtra,Navi Mumbai,12,7.65,18.65,240.18,246.21
Maharashtra,Parbhani,2,0.4,0.4,228.26,227.86
Maharashtra,Pimpri-Chinchwad,10,10.08,21.88,302.63,304.58
Maharashtra,Pune,10,4.84,24.48,428.07,432.52
Maharashtra,Sangli,2,6.02,6.62,242.61,236.59
Maharashtra,Solapur,4,29.36,54.84,246.26,275.62
Maharashtra,Thane,4,16.1,27.79,264.13,280.23
Maharashtra,Ulhasnagar,4,0.92,2.44,332.63,331.77
Maharashtra,Virar,2,29.26,46.42,376.57,405.83
Mizoram,Aizawl,2,0.22,0.43,112.28,112.06
Nagaland,Kohima,2,8.63,14.06,131.07,139.71
Odisha,Angul,2,0.0,0.0,500.0,500.0
Odisha,Balasore,2,4.84,7.82,397.07,401.91
Odisha,Barbil,2,2.16,3.18,315.06,316.07
Odisha,Baripada,2,11.72,16.6,124.81,136.53
Odisha,Bhubaneswar,4,7.23,14.77,459.53,455.42
Odisha,Bileipada,2,3.81,4.98,341.42,337.61
Odisha,Brajrajnagar,2,11.13,12.06,359.0,347.87
Odisha,Cuttack,2,5.88,9.84,500.0,494.12
Odisha,Keonjhar,2,2.13,2.27,406.6,408.73
Odisha,Rairangpur,2,7.18,9.39,278.48,280.69
Odisha,Rourkela,6,2.62,6.62,359.37,360.38
Odisha,Suakati,2,3.25,3.55,174.94,178.19
Odisha,Talcher,2,9.61,17.4,356.06,346.46
Odisha,Tensa,2,163.72,309.56,218.72,364.55
Puducherry,Puducherry,2,2.86,5.42,292.82,295.39
Punjab,Amritsar,2,3.15,5.36,370.71,368.5
Punjab,Bathinda,2,0.04,0.07,500.0,499.96
Punjab,Jalandhar,2,4.39,4.78,443.96,448.35
Punjab,Khanna,2,2.73,2.79,468.87,466.14
Punjab,Ludhiana,2,0.63,0.81,341.42,341.24
Punjab,Mandi Gobindgarh,2,0.12,0.12,500.0,499.88
Punjab,Patiala,2,6.12,9.15,361.92,368.04
Punjab,Rupnagar,2,6.76,12.65,496.88,491.0
Rajasthan,Ajmer,2,17.8,31.01,314.85,328.06
Rajasthan,Alwar,2,15.05,22.96,335.56,320.51
Rajasthan,Banswara,2,10.3,10.87,193.74,204.03
Rajasthan,Baran,2,0.58,0.67,412.83,412.25
Rajasthan,Barmer,2,34.46,40.82,221.3,255.77
Rajasthan,Bharatpur,3,7.16,13.11,233.04,240.21
Rajasthan,Bhilwara,3,10.25,12.95,402.57,392.32
Rajasthan,Bhiwadi,6,7.38,12.82,330.47,323.09
Rajasthan,Bikaner,3,16.69,33.95,287.74,293.69
Rajasthan,Bundi,3,11.47,13.81,261.74,267.85
Rajasthan,Chittorgarh,3,17.21,24.12,145.69,162.9
Rajasthan,Churu,3,9.96,15.18,317.99,326.58
Rajasthan,Dausa,3,43.36,72.92,473.02,430.93
Rajasthan,Dholpur,3,6.2,9.71,333.61,339.81
Rajasthan,Dungarpur,3,1.76,5.08,376.57,378.25
Rajasthan,Hanumangarh,3,5.6,12.03,306.13,311.73
Rajasthan,Jaipur,12,8.93,20.86,426.26,431.05
Rajasthan,Jaisalmer,3,8.11,9.45,223.48,219.54
Rajasthan,Jalore,3,14.17,27.39,280.87,295.04
Rajasthan,Jhalawar,3,13.87,19.13,468.87,480.42
Rajasthan,Jhunjhunu,3,47.65,102.24,178.06,225.71
Rajasthan,Jodhpur,12,8.88,27.91,288.46,292.23
Rajasthan,Karauli,3,17.08,23.51,325.8,342.88
Rajasthan,Khairthal,3,6.59,13.7,304.18,299.59
Rajasthan,Kota,8,11.76,29.46,329.02,340.17
Rajasthan,Nagaur,2,8.35,13.73,303.14,294.78
Rajasthan,Pali,2,9.74,10.06,364.85,355.11
Rajasthan,Pratapgarh,2,3.76,4.95,303.14,306.89
Rajasthan,Rajsamand,2,48.09,74.57,382.43,334.34
Rajasthan,Sawai Madhopur,2,12.8,18.61,304.75,317.55
Rajasthan,Sikar,2,22.71,27.14,249.78,272.49
Rajasthan,Sirohi,1,74.8,74.8,86.0,160.8
Rajasthan,Sri Ganganagar,2,60.15,72.37,335.56,395.71
Rajasthan,Tonk,2,18.28,21.09,397.44,394.63
Rajasthan,Udaipur,2,13.06,18.73,412.64,425.7
Sikkim,Gangtok,2,14.1,14.63,131.07,145.17
Tamil Nadu,Chennai,11,35.62,160.96,331.67,315.75
Tamil Nadu,Coimbatore,2,8.67,12.04,187.47,196.14
Tamil Nadu,Cuddalore,2,0.14,0.14,59.0,58.86
Tamil Nadu,Gummidipoondi,2,28.95,44.15,259.03,243.83
Tamil Nadu,Thoothukudi,2,31.93,37.88,376.57,344.64
Telangana,Hyderabad,24,17.22,78.65,305.82,305.68
Tripura,Agartala,2,8.42,11.62,347.28,355.7
Uttar Pradesh,Agra,12,3.65,20.72,314.62,317.87
Uttar Pradesh,Baghpat,2,9.74,14.4,256.96,266.7
Uttar Pradesh,Bareilly,4,6.83,11.44,286.0,291.42
Uttar Pradesh,Bulandshahr,2,10.36,10.86,397.44,407.8
Uttar Pradesh,Firozabad,4,6.63,19.79,374.47,370.68
Uttar Pradesh,Ghaziabad,10,14.1,58.81,466.34,477.58
Uttar Pradesh,Gorakhpur,2,0.99,1.04,137.34,138.33
Uttar Pradesh,Greater Noida,4,5.87,12.86,342.06,336.19
Uttar Pradesh,Hapur,2,124.67,199.45,239.76,314.53
Uttar Pradesh,Jhansi,2,15.4,17.51,181.2,196.61
Uttar Pradesh,Kanpur,6,16.63,40.84,422.9,412.31
Uttar Pradesh,Khora,2,11.33,11.49,500.0,488.67
Uttar Pradesh,Khurja,2,12.16,15.8,278.48,274.84
Uttar Pradesh,Lucknow,12,7.26,24.0,382.54,388.39
Uttar Pradesh,Mathura,2,6.97,8.48,303.14,304.64
Uttar Pradesh,Meerut,8,5.33,17.59,444.29,448.69
Uttar Pradesh,Moradabad,12,2.13,9.47,391.29,390.19
Uttar Pradesh,Muzaffarnagar,2,16.82,28.52,478.2,495.02
Uttar Pradesh,Noida,8,10.55,19.38,402.44,399.84
Uttar Pradesh,Prayagraj,6,9.01,24.0,223.65,231.79
Uttar Pradesh,Raebareli,2,0.0,0.0,500.0,500.0
Uttar Pradesh,Varanasi,8,11.09,19.64,218.06,227.36
Uttar Pradesh,Vrindavan,2,2.0,2.14,200.0,202.0
Uttarakhand,Dehradun,2,6.48,12.52,206.96,212.99
Uttarakhand,Kashipur,2,4.28,6.28,306.27,304.27
Uttarakhand,Rishikesh,2,0.28,0.3,419.06,418.78
West Bengal,Asansol,6,5.63,11.63,363.67,361.57
West Bengal,Barrackpore,2,3.15,6.01,428.4,431.26
West Bengal,Durgapur,6,80.76,460.07,306.18,381.22
West Bengal,Haldia,2,13.7,19.5,412.83,399.13
West Bengal,Howrah,8,2.81,9.65,344.94,345.52
West Bengal,Kolkata,14,9.6,32.1,349.26,350.5
West Bengal,Siliguri,2,7.31,8.26,397.07,404.38
