station_id,station_name,city,state,lat,lon,timestamp,PM2.5,PM10,NO2,SO2,CO,O3,NH3,reported_aqi,reported_aqi_category,reported_dominant_pollutant,aqi_is_valid,aqi_quality_flag,temperature_2m,relative_humidity_2m,rain,wind_speed_10m,cloud_cover,weather_trapping_score,weather_trapping_category,landuse_type_proxy,landuse_data_source,urban_pressure_score,road_density_proxy,environmental_risk_score,pm10_pm25_ratio,pm25_pm10_ratio,no2_co_ratio,o3_no2_ratio,source_score_vehicular_traffic,source_score_industrial_combustion,source_score_construction__road_dust,source_score_biomass__fine_particle_combustion,source_score_photochemical_smog,primary_pollution_source,primary_source_score,secondary_source_score,source_score_gap,source_attribution_confidence,source_attribution_confidence_category,source_evidence,landuse_source_alignment,recommended_intervention,notebook_03_processed_time,forecast_reference_timestamp,forecast_aqi_next,forecast_aqi_p10,forecast_aqi_p50,forecast_aqi_p90,forecast_category,current_aqi,current_aqi_category,forecast_aqi_category,forecast_aqi_change,forecast_trend,satellite_aerosol_proxy_score,satellite_aerosol_proxy_category,satellite_data_source,dispersion_index,dispersion_category,health_exposure_risk_score,health_exposure_risk_category,forecast_hotspot_risk_score,forecast_hotspot_risk_category,intervention_urgency_score,intervention_urgency_category,is_current_hotspot,is_forecast_hotspot,is_emerging_hotspot,hotspot_status,advanced_priority_score,advanced_priority_category,advanced_priority_rank,advanced_data_quality_flag,advanced_layer_note
uttar_pradesh__meerut__miet_college_meerut_uppcb,"MIET College, Meerut - UPPCB",Meerut,Uttar Pradesh,28.972677,77.641018,2026-07-16 05:00:00,262.0,158.0,33.0,7.0,44.0,7.0,8.0,462.64,Severe,CO,True,Valid AQI,33.6,62,0.0,9.0,4,64.51,High trapping,General urban / semi-urban proxy,Proxy from station/city naming,15,20,52.02,0.6030534351145038,1.6582278481012658,0.75,0.2121212121212121,16.74,14.58,29.51,67.22,35.53,Biomass / fine-particle combustion,67.22,35.53,31.69,56.56,Moderate confidence,PM2.5-heavy fine-particle pattern; CO and stagnant-weather influence; high weather trapping,Partially aligned,"Immediate intervention: Track open burning, control biomass combustion sources, increase public alerts, and strengthen fine-particle monitoring.",2026-07-16 10:55:13,2026-07-16 04:00:00,475.6348430220259,425.06111331227567,475.6348430220259,500.0,Severe,462.64,Severe,Severe,12.994843022025918,Stable,65.56,High,Proxy derived from ground pollutants and meteorology; not direct satellite imagery,50.36,Moderate,88.17,Critical,78.09,High,73.06,High,1,1,0,Critical forecast hotspot,74.32,High,1,Usable,"Advanced intelligence layer combines real AQI, forecasted AQI, pollutant signals, meteorological dispersion, source attribution, and intervention scoring."
assam__guwahati__pan_bazaar_guwahati_pcba,"Pan Bazaar, Guwahati - PCBA",Guwahati,Assam,26.1875,91.744194,2026-07-16 05:00:00,186.0,173.0,0.0,35.0,23.0,11.0,1.0,350.88,Very Poor,PM2.5,True,Valid AQI,31.4,75,0.0,2.9,99,89.83,Very high trapping,General urban / semi-urban proxy,Proxy from station/city naming,15,20,52.18,0.9301075268817204,1.0751445086705202,0.0,,4.27,16.81,28.81,58.57,24.34,Biomass / fine-particle combustion,58.57,28.81,29.76,49.93,Moderate confidence,PM2.5-heavy fine-particle pattern; CO and stagnant-weather influence; high weather trapping,Partially aligned,"Immediate intervention: Track open burning, control biomass combustion sources, increase public alerts, and strengthen fine-particle monitoring.",2026-07-16 10:55:13,,350.88,350.88,350.88,350.88,,350.88,Very Poor,Very Poor,0.0,Stable,60.25,High,Proxy derived from ground pollutants and meteorology; not direct satellite imagery,94.26,Critical,76.07,High,69.65,High,74.62,High,1,1,0,Critical forecast hotspot,74.19,High,2,Forecast unavailable; current AQI used as fallback,"Advanced intelligence layer combines real AQI, forecasted AQI, pollutant signals, meteorological dispersion, source attribution, and intervention scoring."
uttar_pradesh__khora__prashant_garden_khora_uppcb,"Prashant Garden, Khora - UPPCB",Khora,Uttar Pradesh,28.61119,77.34206,2026-07-16 05:00:00,247.0,150.0,33.0,11.0,102.0,6.0,11.0,500.0,Severe,CO,True,Valid AQI,36.4,40,0.0,9.6,5,55.43,Moderate trapping,General urban / semi-urban proxy,Proxy from station/city naming,15,20,51.71,0.6072874493927125,1.6466666666666667,0.3235294117647059,0.1818181818181818,28.0,24.58,28.93,74.4,38.9,Biomass / fine-particle combustion,74.4,38.9,35.5,62.73,Moderate confidence,PM2.5-heavy fine-particle pattern; CO and stagnant-weather influence,Partially aligned,"Immediate intervention: Track open burning, control biomass combustion sources, increase public alerts, and strengthen fine-particle monitoring.",2026-07-16 10:55:13,2026-07-16 04:00:00,488.8216427820324,438.2479130722822,488.8216427820324,500.0,Severe,500.0,Severe,Severe,-11.178357217967573,Stable,68.2,High,Proxy derived from ground pollutants and meteorology; not direct satellite imagery,38.45,Low,89.84,Critical,77.98,High,71.68,High,1,1,0,Critical forecast hotspot,73.22,High,3,Usable,"Advanced intelligence layer combines real AQI, forecasted AQI, pollutant signals, meteorological dispersion, source attribution, and intervention scoring."
uttar_pradesh__muzaffarnagar__new_mandi_muzaffarnagar_uppcb,"New Mandi, Muzaffarnagar - UPPCB",Muzaffarnagar,Uttar Pradesh,29.4723508,77.7194031,2026-07-16 05:00:00,125.0,148.0,31.0,24.0,44.0,16.0,3.0,462.64,Severe,CO,True,Valid AQI,33.4,66,0.0,5.2,14,73.85,High trapping,General urban / semi-urban proxy,Proxy from station/city naming,15,20,55.92,1.184,0.8445945945945946,0.7045454545454546,0.5161290322580645,16.23,20.85,27.49,49.99,35.79,Biomass / fine-particle combustion,49.99,35.79,14.2,39.25,Low confidence,PM2.5-heavy fine-particle pattern; CO and stagnant-weather influence; high weather trapping,Partially aligned,"Immediate intervention: Track open burning, control biomass combustion sources, increase public alerts, and strengthen fine-particle monitoring.",2026-07-16 10:55:13,2026-07-16 04:00:00,491.1634901528048,440.58976044305456,491.1634901528048,500.0,Severe,462.64,Severe,Severe,28.52349015280481,Increasing,49.64,Moderate,Proxy derived from ground pollutants and meteorology; not direct satellite imagery,65.87,High,80.41,Critical,80.37,Critical,71.34,High,1,1,1,Critical forecast hotspot,72.69,High,4,Usable,"Advanced intelligence layer combines real AQI, forecasted AQI, pollutant signals, meteorological dispersion, source attribution, and intervention scoring."
uttar_pradesh__raebareli__anand_nagar_raebareli_uppcb,"Anand Nagar, Raebareli - UPPCB",Raebareli,Uttar Pradesh,26.219512,81.237648,2026-07-16 05:00:00,67.0,132.0,16.0,14.0,62.0,55.0,11.0,500.0,Severe,CO,True,Valid AQI,33.9,61,0.0,8.5,99,74.54,High trapping,General urban / semi-urban proxy,Proxy from station/city naming,15,20,59.69,1.9701492537313432,0.5075757575757576,0.2580645161290322,3.4375,15.91,17.04,28.3,44.31,35.78,Biomass / fine-particle combustion,44.31,35.78,8.53,33.58,Low confidence,PM2.5-heavy fine-particle pattern; CO and stagnant-weather influence; high weather trapping,Partially aligned,"Immediate intervention: Track open burning, control biomass combustion sources, increase public alerts, and strengthen fine-particle monitoring.",2026-07-16 10:55:13,2026-07-16 04:00:00,499.9994461780309,449.4257164682807,499.9994461780309,500.0,Severe,500.0,Severe,Severe,-0.0005538219691061386,Stable,43.89,Moderate,Proxy derived from ground pollutants and meteorology; not direct satellite imagery,70.82,High,77.77,High,80.89,Critical,70.54,High,1,1,0,Critical forecast hotspot,71.94,High,5,Usable,"Advanced intelligence layer combines real AQI, forecasted AQI, pollutant signals, meteorological dispersion, source attribution, and intervention scoring."
haryana__faridabad__sector_11_faridabad_hspcb,"Sector 11, Faridabad - HSPCB",Faridabad,Haryana,28.376058,77.315741,2026-07-16 05:00:00,196.0,180.0,31.0,9.0,67.0,16.0,9.0,500.0,Severe,CO,True,Valid AQI,35.6,44,0.0,12.4,14,52.73,Moderate trapping,Industrial / mixed urban proxy,Proxy from station/city naming,70,65,76.21,0.9183673469387756,1.0888888888888888,0.4626865671641791,0.5161290322580645,46.95,48.37,52.29,46.84,48.59,Construction / road dust,52.29,48.59,3.7,37.71,Low confidence,PM10-heavy particulate pattern; road dust / coarse-particle likelihood; high road-density proxy,Partially aligned,"Immediate intervention: Apply dust suppression, cover construction material, clean road dust, and enforce construction-site controls.",2026-07-16 10:55:13,2026-07-16 04:00:00,498.46304612959045,447.8893164198402,498.46304612959045,500.0,Severe,500.0,Severe,Severe,-1.5369538704095476,Stable,66.19,High,Proxy derived from ground pollutants and meteorology; not direct satellite imagery,33.61,Low,89.57,Critical,77.89,High,70.2,High,1,1,0,Critical forecast hotspot,71.94,High,5,Usable,"Advanced intelligence layer combines real AQI, forecasted AQI, pollutant signals, meteorological dispersion, source attribution, and intervention scoring."
assam__byrnihat__central_academy_for_sfs_byrnihat_pcba,"Central Academy for SFS, Byrnihat - PCBA",Byrnihat,Assam,26.071318,91.87488,2026-07-16 05:00:00,79.0,75.0,7.0,31.0,50.0,21.0,4.0,500.0,Severe,CO,True,Valid AQI,32.0,73,0.0,4.0,64,83.6,Very high trapping,General urban / semi-urban proxy,Proxy from station/city naming,15,20,63.47,0.9493670886075948,1.0533333333333332,0.14,3.0,11.29,20.38,18.75,50.5,29.16,Biomass / fine-particle combustion,50.5,29.16,21.34,41.75,Moderate confidence,PM2.5-heavy fine-particle pattern; CO and stagnant-weather influence; high weather trapping,Partially aligned,"Immediate intervention: Track open burning, control biomass combustion sources, increase public alerts, and strengthen fine-particle monitoring.",2026-07-16 10:55:13,2026-07-16 04:00:00,492.1253665145065,441.5516368047562,492.1253665145065,500.0,Severe,500.0,Severe,Severe,-7.8746334854935185,Stable,32.61,Low,Proxy derived from ground pollutants and meteorology; not direct satellite imagery,83.01,Critical,78.33,High,79.49,High,70.47,High,1,1,0,Critical forecast hotspot,71.76,High,6,Usable,"Advanced intelligence layer combines real AQI, forecasted AQI, pollutant signals, meteorological dispersion, source attribution, and intervention scoring."
haryana__karnal__sector_12_karnal_hspcb,"Sector-12, Karnal - HSPCB",Karnal,Haryana,29.6953,77.0027,2026-07-16 05:00:00,165.0,131.0,15.0,13.0,49.0,8.0,8.0,493.77,Severe,CO,True,Valid AQI,33.8,60,0.0,9.1,17,64.89,High trapping,Industrial / mixed urban proxy,Proxy from station/city naming,35,30,63.6,0.793939393939394,1.2595419847328244,0.3061224489795918,0.5333333333333333,21.09,38.22,32.41,45.09,36.62,Biomass / fine-particle combustion,45.09,38.22,6.87,33.62,Low confidence,PM2.5-heavy fine-particle pattern; CO and stagnant-weather influence; high weather trapping,Not strongly aligned,"Immediate intervention: Track open burning, control biomass combustion sources, increase public alerts, and strengthen fine-particle monitoring.",2026-07-16 10:55:13,2026-07-16 04:00:00,499.2050731048237,448.6313433950735,499.2050731048237,500.0,Severe,493.77,Severe,Severe,5.4350731048237435,Stable,51.0,Moderate,Proxy derived from ground pollutants and meteorology; not direct satellite imagery,51.78,Moderate,85.84,Critical,78.97,High,70.0,High,1,1,0,Critical forecast hotspot,71.69,High,7,Usable,"Advanced intelligence layer combines real AQI, forecasted AQI, pollutant signals, meteorological dispersion, source attribution, and intervention scoring."
gujarat__bhavnagar__vidhyanagar_bhavnagar_nexteng_enviro,"Vidhyanagar, Bhavnagar - Nexteng Enviro",Bhavnagar,Gujarat,21.755417,72.139056,2026-07-16 05:00:00,28.0,50.0,49.0,7.0,80.0,19.0,4.0,500.0,Severe,CO,True,Valid AQI,30.8,70,0.0,5.5,85,81.88,Very high trapping,General urban / semi-urban proxy,Proxy from station/city naming,15,20,62.75,1.7857142857142858,0.56,0.6125,0.3877551020408163,27.8,22.53,17.84,46.57,31.64,Biomass / fine-particle combustion,46.57,31.64,14.93,37.08,Low confidence,PM2.5-heavy fine-particle pattern; CO and stagnant-weather influence; high weather trapping,Partially aligned,"Immediate intervention: Track open burning, control biomass combustion sources, increase public alerts, and strengthen fine-particle monitoring.",2026-07-16 10:55:13,2026-07-16 04:00:00,499.9996227569056,449.4258930471554,499.9996227569056,500.0,Severe,500.0,Severe,Severe,-0.00037724309441955484,Stable,32.07,Low,Proxy derived from ground pollutants and meteorology; not direct satellite imagery,81.32,Critical,73.49,High,79.72,High,68.64,High,1,1,0,Critical forecast hotspot,69.99,High,8,Usable,"Advanced intelligence layer combines real AQI, forecasted AQI, pollutant signals, meteorological dispersion, source attribution, and intervention scoring."
delhi__delhi__shadipur_delhi_cpcb,"Shadipur, Delhi - CPCB",Delhi,Delhi,28.6514781,77.1473105,2026-07-16 05:00:00,152.0,146.0,45.0,13.0,45.0,52.0,10.0,468.87,Severe,CO,True,Valid AQI,35.6,45,0.0,10.4,8,56.12,Moderate trapping,Dense urban proxy,Proxy from station/city naming,60,55,69.84,0.9605263157894736,1.0410958904109588,1.0,1.1555555555555554,56.01,27.27,44.07,48.86,53.94,Vehicular traffic,56.01,53.94,2.07,39.83,Low confidence,elevated NO2/CO signal; road-density or urban-pressure influence; traffic/commercial land-use proxy,Aligned,"Immediate intervention: Implement traffic flow control, reduce idling zones, strengthen public transport diversion, and prioritize roadside monitoring.",2026-07-16 10:55:13,2026-07-16 04:00:00,499.44935555555554,448.8756258458053,499.44935555555554,500.0,Severe,468.87,Severe,Severe,30.579355555555537,Increasing,57.0,Moderate,Proxy derived from ground pollutants and meteorology; not direct satellite imagery,38.96,Low,82.84,Critical,78.18,High,67.5,High,1,1,1,Critical forecast hotspot,69.33,High,9,Usable,"Advanced intelligence layer combines real AQI, forecasted AQI, pollutant signals, meteorological dispersion, source attribution, and intervention scoring."
bihar__patna__muradpur_patna_bspcb,"Muradpur, Patna - BSPCB",Patna,Bihar,25.619651,85.147382,2026-07-16 05:00:00,44.0,84.0,3.0,12.0,54.0,10.0,5.0,500.0,Severe,CO,True,Valid AQI,32.2,71,0.0,7.2,100,80.67,Very high trapping,Dense urban proxy,Proxy from station/city naming,60,55,82.98,1.9090909090909087,0.5238095238095238,0.0555555555555555,3.333333333333333,47.08,21.08,37.19,42.26,33.73,Vehicular traffic,47.08,42.26,4.82,34.4,Low confidence,elevated NO2/CO signal; road-density or urban-pressure influence; traffic/commercial land-use proxy,Aligned,"Immediate intervention: Implement traffic flow control, reduce idling zones, strengthen public transport diversion, and prioritize roadside monitoring.",2026-07-16 10:55:13,2026-07-16 04:00:00,498.7225361337761,448.14880642402585,498.7225361337761,500.0,Severe,500.0,Severe,Severe,-1.2774638662239113,Stable,28.39,Low,Proxy derived from ground pollutants and meteorology; not direct satellite imagery,79.67,High,75.33,High,78.26,High,67.69,High,1,1,0,Critical forecast hotspot,69.13,High,10,Usable,"Advanced intelligence layer combines real AQI, forecasted AQI, pollutant signals, meteorological dispersion, source attribution, and intervention scoring."
bihar__chhapra__darshan_nagar_chhapra_bspcb,"Darshan Nagar, Chhapra - BSPCB",Chhapra,Bihar,25.7808257,84.7446768,2026-07-16 05:00:00,72.0,111.0,2.0,21.0,85.0,3.0,11.0,500.0,Severe,CO,True,Valid AQI,32.4,68,0.0,11.5,100,71.79,High trapping,General urban / semi-urban proxy,Proxy from station/city naming,15,20,58.54,1.5416666666666667,0.6486486486486487,0.0235294117647058,1.5,16.82,20.74,26.82,48.96,24.69,Biomass / fine-particle combustion,48.96,26.82,22.14,40.91,Moderate confidence,PM2.5-heavy fine-particle pattern; CO and stagnant-weather influence; high weather trapping,Partially aligned,"Immediate intervention: Track open burning, control biomass combustion sources, increase public alerts, and strengthen fine-particle monitoring.",2026-07-16 10:55:13,2026-07-16 04:00:00,499.99923391155386,449.4255042018036,499.99923391155386,500.0,Severe,500.0,Severe,Severe,-0.0007660884461415662,Stable,38.92,Low,Proxy derived from ground pollutants and meteorology; not direct satellite imagery,65.14,High,76.49,High,78.39,High,67.28,High,1,1,0,Critical forecast hotspot,68.85,High,11,Usable,"Advanced intelligence layer combines real AQI, forecasted AQI, pollutant signals, meteorological dispersion, source attribution, and intervention scoring."
haryana__ambala__patti_mehar_ambala_hspcb,"Patti Mehar, Ambala - HSPCB",Ambala,Haryana,30.379589,76.778328,2026-07-16 05:00:00,99.0,135.0,6.0,39.0,54.0,37.0,8.0,500.0,Severe,CO,True,Valid AQI,33.5,59,0.0,6.7,14,68.57,High trapping,General urban / semi-urban proxy,Proxy from station/city naming,15,20,57.2,1.3636363636363635,0.7333333333333333,0.1111111111111111,6.166666666666667,11.82,23.9,27.0,46.7,35.71,Biomass / fine-particle combustion,46.7,35.71,10.99,35.99,Low confidence,PM2.5-heavy fine-particle pattern; CO and stagnant-weather influence; high weather trapping,Partially aligned,"Immediate intervention: Track open burning, control biomass combustion sources, increase public alerts, and strengthen fine-particle monitoring.",2026-07-16 10:55:13,2026-07-16 04:00:00,499.8574283559983,449.28369864624807,499.8574283559983,500.0,Severe,500.0,Severe,Severe,-0.1425716440016913,Stable,41.28,Moderate,Proxy derived from ground pollutants and meteorology; not direct satellite imagery,58.02,Moderate,78.46,High,77.61,High,66.68,High,1,1,0,Critical forecast hotspot,68.36,High,12,Usable,"Advanced intelligence layer combines real AQI, forecasted AQI, pollutant signals, meteorological dispersion, source attribution, and intervention scoring."
punjab__rupnagar__ratanpura_rupnagar_ambuja_cements,"Ratanpura, Rupnagar - Ambuja Cements",Rupnagar,Punjab,31.0325454,76.5623046,2026-07-16 05:00:00,106.0,68.0,27.0,12.0,50.0,,,500.0,Severe,CO,True,Valid AQI,33.9,57,0.0,2.7,4,74.07,High trapping,General urban / semi-urban proxy,Proxy from station/city naming,15,20,59.49,0.6415094339622641,1.5588235294117647,0.54,,16.38,16.38,16.99,54.94,0.0,Biomass / fine-particle combustion,54.94,16.99,37.95,49.84,Moderate confidence,PM2.5-heavy fine-particle pattern; CO and stagnant-weather influence; high weather trapping,Partially aligned,"Immediate intervention: Track open burning, control biomass combustion sources, increase public alerts, and strengthen fine-particle monitoring.",2026-07-16 10:55:13,2026-07-16 04:00:00,487.3468963782503,436.7731666685,487.3468963782503,500.0,Severe,500.0,Severe,Severe,-12.653103621749722,Stable,33.84,Low,Proxy derived from ground pollutants and meteorology; not direct satellite imagery,67.25,High,78.46,High,76.25,High,66.63,High,1,1,0,Critical forecast hotspot,68.18,High,13,Usable,"Advanced intelligence layer combines real AQI, forecasted AQI, pollutant signals, meteorological dispersion, source attribution, and intervention scoring."
bihar__bihar_sharif__d_m_colony_bihar_sharif_bspcb,"D M Colony, Bihar Sharif - BSPCB",Bihar Sharif,Bihar,25.204762,85.51496,2026-07-16 05:00:00,29.0,22.0,9.0,7.0,104.0,2.0,3.0,500.0,Severe,CO,True,Valid AQI,33.0,68,0.0,5.6,100,82.47,Very high trapping,General urban / semi-urban proxy,Proxy from station/city naming,15,20,62.99,0.7586206896551724,1.318181818181818,0.0865384615384615,0.2222222222222222,22.29,19.25,13.49,56.96,26.2,Biomass / fine-particle combustion,56.96,26.2,30.76,49.1,Moderate confidence,PM2.5-heavy fine-particle pattern; CO and stagnant-weather influence; high weather trapping,Partially aligned,"Immediate intervention: Track open burning, control biomass combustion sources, increase public alerts, and strengthen fine-particle monitoring.",2026-07-16 10:55:13,2026-07-16 04:00:00,499.9621589115538,449.3884292018036,499.9621589115538,500.0,Severe,500.0,Severe,Severe,-0.037841088446214144,Stable,22.74,Low,Proxy derived from ground pollutants and meteorology; not direct satellite imagery,83.15,Critical,72.13,High,77.5,High,66.07,High,1,1,0,Critical forecast hotspot,67.51,High,14,Usable,"Advanced intelligence layer combines real AQI, forecasted AQI, pollutant signals, meteorological dispersion, source attribution, and intervention scoring."
haryana__ballabgarh__nathu_colony_ballabgarh_hspcb,"Nathu Colony, Ballabgarh - HSPCB",Ballabgarh,Haryana,28.3419248,77.319699,2026-07-16 05:00:00,173.0,161.0,20.0,3.0,51.0,4.0,5.0,500.0,Severe,CO,True,Valid AQI,35.6,44,0.0,12.4,14,52.73,Moderate trapping,General urban / semi-urban proxy,Proxy from station/city naming,15,20,50.59,0.930635838150289,1.0745341614906831,0.392156862745098,0.2,14.79,11.84,31.81,51.19,35.5,Biomass / fine-particle combustion,51.19,35.5,15.69,40.54,Moderate confidence,PM2.5-heavy fine-particle pattern; CO and stagnant-weather influence,Partially aligned,"Immediate intervention: Track open burning, control biomass combustion sources, increase public alerts, and strengthen fine-particle monitoring.",2026-07-16 10:55:13,2026-07-16 04:00:00,486.4307297943184,435.8570000845682,486.4307297943184,500.0,Severe,500.0,Severe,Severe,-13.569270205681619,Stable,55.36,Moderate,Proxy derived from ground pollutants and meteorology; not direct satellite imagery,33.61,Low,83.62,Critical,75.41,High,65.5,High,1,1,0,Critical forecast hotspot,67.4,High,15,Usable,"Advanced intelligence layer combines real AQI, forecasted AQI, pollutant signals, meteorological dispersion, source attribution, and intervention scoring."
punjab__mandi_gobindgarh__rimt_university_mandi_gobindgarh_ppcb,"RIMT University, Mandi Gobindgarh - PPCB",Mandi Gobindgarh,Punjab,30.649961,76.331442,2026-07-16 05:00:00,93.0,117.0,24.0,26.0,50.0,39.0,5.0,500.0,Severe,CO,True,Valid AQI,33.5,60,0.1,5.7,21,65.19,High trapping,Industrial / mixed urban proxy,Proxy from station/city naming,35,30,64.31,1.2580645161290325,0.7948717948717948,0.48,1.625,23.57,44.95,27.47,35.12,39.06,Industrial combustion,44.95,39.06,5.89,33.23,Low confidence,SO2 and combustion-related pollutant influence; industrial land-use proxy,Aligned,"Immediate intervention: Increase industrial emission inspection, check stack compliance, enforce fuel-quality standards, and monitor nearby industrial clusters.",2026-07-16 10:55:13,2026-07-16 04:00:00,499.8770572440188,449.3033275342686,499.8770572440188,500.0,Severe,500.0,Severe,Severe,-0.12294275598122795,Stable,41.29,Moderate,Proxy derived from ground pollutants and meteorology; not direct satellite imagery,54.58,Moderate,78.01,High,76.93,High,65.66,High,1,1,0,Critical forecast hotspot,67.4,High,15,Usable,"Advanced intelligence layer combines real AQI, forecasted AQI, pollutant signals, meteorological dispersion, source attribution, and intervention scoring."
delhi__delhi__north_campus_du_delhi_iitm,"North Campus, DU, Delhi - IITM",Delhi,Delhi,28.6573814,77.1585447,2026-07-16 05:00:00,73.0,160.0,86.0,,82.0,24.0,,500.0,Severe,CO,True,Valid AQI,35.6,45,0.0,10.4,8,56.12,Moderate trapping,Dense urban proxy,Proxy from station/city naming,60,55,72.74,2.191780821917808,0.45625,1.048780487804878,0.2790697674418604,73.62,0.0,47.22,43.42,55.2,Vehicular traffic,73.62,55.2,18.42,57.06,Moderate confidence,elevated NO2/CO signal; road-density or urban-pressure influence; traffic/commercial land-use proxy,Aligned,"Immediate intervention: Implement traffic flow control, reduce idling zones, strengthen public transport diversion, and prioritize roadside monitoring.",2026-07-16 10:55:13,2026-07-16 04:00:00,499.9996769779674,449.4259472682172,499.9996769779674,500.0,Severe,500.0,Severe,Severe,-0.00032302203260314855,Stable,54.54,Moderate,Proxy derived from ground pollutants and meteorology; not direct satellite imagery,38.96,Low,77.16,High,77.49,High,65.1,High,1,1,0,Critical forecast hotspot,66.94,High,16,Usable,"Advanced intelligence layer combines real AQI, forecasted AQI, pollutant signals, meteorological dispersion, source attribution, and intervention scoring."
haryana__fatehabad__huda_sector_fatehabad_hspcb,"Huda Sector, Fatehabad - HSPCB",Fatehabad,Haryana,29.503664,75.467934,2026-07-16 05:00:00,139.0,153.0,19.0,70.0,48.0,31.0,14.0,487.55,Severe,CO,True,Valid AQI,36.0,45,0.0,10.6,20,56.96,Moderate trapping,Industrial / mixed urban proxy,Proxy from station/city naming,35,30,59.72,1.1007194244604317,0.9084967320261438,0.3958333333333333,1.631578947368421,21.91,60.92,35.87,37.26,43.03,Industrial combustion,60.92,43.03,17.89,48.01,Moderate confidence,SO2 and combustion-related pollutant influence; industrial land-use proxy,Aligned,"Immediate intervention: Increase industrial emission inspection, check stack compliance, enforce fuel-quality standards, and monitor nearby industrial clusters.",2026-07-16 10:55:13,2026-07-16 04:00:00,490.1712966693584,439.5975669596081,490.1712966693584,500.0,Severe,487.55,Severe,Severe,2.6212966693584008,Stable,50.52,Moderate,Proxy derived from ground pollutants and meteorology; not direct satellite imagery,40.8,Moderate,80.54,Critical,75.41,High,65.05,High,1,1,0,Critical forecast hotspot,66.86,High,17,Usable,"Advanced intelligence layer combines real AQI, forecasted AQI, pollutant signals, meteorological dispersion, source attribution, and intervention scoring."
bihar__rajgir__dangi_tola_rajgir_bspcb,"Dangi Tola, Rajgir - BSPCB",Rajgir,Bihar,25.0328,85.41948,2026-07-16 05:00:00,51.0,47.0,14.0,3.0,43.0,27.0,3.0,456.42,Severe,CO,True,Valid AQI,32.8,70,0.0,5.1,100,84.11,Very high trapping,General urban / semi-urban proxy,Proxy from station/city naming,15,20,59.62,0.9215686274509804,1.0851063829787233,0.3255813953488372,1.9285714285714288,11.71,9.66,16.18,46.28,30.12,Biomass / fine-particle combustion,46.28,30.12,16.16,37.24,Low confidence,PM2.5-heavy fine-particle pattern; CO and stagnant-weather influence; high weather trapping,Partially aligned,"Immediate intervention: Track open burning, control biomass combustion sources, increase public alerts, and strengthen fine-particle monitoring.",2026-07-16 10:55:13,2026-07-16 04:00:00,460.5568989166152,409.98316920686494,460.5568989166152,500.0,Severe,456.42,Severe,Severe,4.136898916615166,Stable,26.79,Low,Proxy derived from ground pollutants and meteorology; not direct satellite imagery,85.61,Critical,69.84,High,73.75,High,65.56,High,1,1,0,Critical forecast hotspot,66.59,High,18,Usable,"Advanced intelligence layer combines real AQI, forecasted AQI, pollutant signals, meteorological dispersion, source attribution, and intervention scoring."
uttar_pradesh__moradabad__transport_nagar_moradabad_uppcb,"Transport Nagar, Moradabad - UPPCB",Moradabad,Uttar Pradesh,28.802625,78.753728,2026-07-16 05:00:00,47.0,78.0,24.0,18.0,53.0,32.0,5.0,500.0,Severe,CO,True,Valid AQI,33.6,67,0.0,3.5,8,76.7,High trapping,General urban / semi-urban proxy,Proxy from station/city naming,15,20,60.59,1.6595744680851063,0.6025641025641025,0.4528301886792453,1.3333333333333333,16.2,18.64,19.79,42.8,37.72,Biomass / fine-particle combustion,42.8,37.72,5.08,31.48,Low confidence,PM2.5-heavy fine-particle pattern; CO and stagnant-weather influence; high weather trapping,Partially aligned,"Immediate intervention: Track open burning, control biomass combustion sources, increase public alerts, and strengthen fine-particle monitoring.",2026-07-16 10:55:13,2026-07-16 04:00:00,499.74792624407456,449.1741965343243,499.74792624407456,500.0,Severe,500.0,Severe,Severe,-0.2520737559254371,Stable,28.37,Low,Proxy derived from ground pollutants and meteorology; not direct satellite imagery,70.3,High,72.98,High,76.48,High,64.57,High,1,1,0,Critical forecast hotspot,66.18,High,19,Usable,"Advanced intelligence layer combines real AQI, forecasted AQI, pollutant signals, meteorological dispersion, source attribution, and intervention scoring."
haryana__bahadurgarh__arya_nagar_bahadurgarh_hspcb,"Arya Nagar, Bahadurgarh - HSPCB",Bahadurgarh,Haryana,28.6701,76.9254,2026-07-16 05:00:00,177.0,101.0,18.0,6.0,49.0,26.0,11.0,493.77,Severe,CO,True,Valid AQI,34.5,51,0.0,12.1,1,54.55,Moderate trapping,General urban / semi-urban proxy,Proxy from station/city naming,15,20,50.77,0.5706214689265536,1.7524752475247525,0.3673469387755102,1.4444444444444444,13.9,12.37,24.72,56.67,37.6,Biomass / fine-particle combustion,56.67,37.6,19.07,45.39,Moderate confidence,PM2.5-heavy fine-particle pattern; CO and stagnant-weather influence,Partially aligned,"Immediate intervention: Track open burning, control biomass combustion sources, increase public alerts, and strengthen fine-particle monitoring.",2026-07-16 10:55:13,2026-07-16 04:00:00,492.5773195920905,442.0035898823402,492.5773195920905,500.0,Severe,493.77,Severe,Severe,-1.1926804079095064,Stable,49.48,Moderate,Proxy derived from ground pollutants and meteorology; not direct satellite imagery,35.15,Low,83.07,Critical,74.37,High,64.16,High,1,1,0,Critical forecast hotspot,66.13,High,20,Usable,"Advanced intelligence layer combines real AQI, forecasted AQI, pollutant signals, meteorological dispersion, source attribution, and intervention scoring."
haryana__hisar__urban_estate_ii_hisar_hspcb,"Urban Estate-II, Hisar - HSPCB",Hisar,Haryana,29.14056,75.744941,2026-07-16 05:00:00,125.0,144.0,28.0,11.0,101.0,36.0,11.0,500.0,Severe,CO,True,Valid AQI,37.1,38,0.0,11.4,11,52.04,Moderate trapping,Industrial / mixed urban proxy,Proxy from station/city naming,35,30,58.82,1.152,0.8680555555555556,0.2772277227722772,1.2857142857142858,34.49,47.22,35.33,44.36,46.73,Industrial combustion,47.22,46.73,0.49,33.2,Low confidence,SO2 and combustion-related pollutant influence; industrial land-use proxy,Aligned,"Immediate intervention: Increase industrial emission inspection, check stack compliance, enforce fuel-quality standards, and monitor nearby industrial clusters.",2026-07-16 10:55:13,2026-07-16 04:00:00,499.537889822665,448.9641601129148,499.537889822665,500.0,Severe,500.0,Severe,Severe,-0.46211017733497783,Stable,53.09,Moderate,Proxy derived from ground pollutants and meteorology; not direct satellite imagery,33.25,Low,79.96,High,75.91,High,64.03,High,1,1,0,Critical forecast hotspot,66.01,High,21,Usable,"Advanced intelligence layer combines real AQI, forecasted AQI, pollutant signals, meteorological dispersion, source attribution, and intervention scoring."
delhi__delhi__wazirpur_delhi_dpcc,"Wazirpur, Delhi - DPCC",Delhi,Delhi,28.699793,77.165453,2026-07-16 05:00:00,100.0,228.0,39.0,9.0,42.0,16.0,6.0,450.19,Severe,CO,True,Valid AQI,35.8,44,0.0,10.0,7,56.38,Moderate trapping,Dense urban proxy,Proxy from station/city naming,60,55,68.21,2.28,0.4385964912280701,0.9285714285714286,0.4102564102564102,53.9,24.26,54.5,38.54,48.39,Construction / road dust,54.5,53.9,0.6,38.33,Low confidence,PM10-heavy particulate pattern; road dust / coarse-particle likelihood,Partially aligned,"Immediate intervention: Apply dust suppression, cover construction material, clean road dust, and enforce construction-site controls.",2026-07-16 10:55:13,2026-07-16 04:00:00,496.1728144579638,445.5990847482136,496.1728144579638,500.0,Severe,450.19,Severe,Severe,45.9828144579638,Increasing,52.92,Moderate,Proxy derived from ground pollutants and meteorology; not direct satellite imagery,39.51,Low,75.56,High,76.75,High,64.18,High,1,1,1,Critical forecast hotspot,66.01,High,21,Usable,"Advanced intelligence layer combines real AQI, forecasted AQI, pollutant signals, meteorological dispersion, source attribution, and intervention scoring."
uttar_pradesh__ghaziabad__vasundhara_ghaziabad_uppcb,"Vasundhara, Ghaziabad - UPPCB",Ghaziabad,Uttar Pradesh,28.6603346,77.3572563,2026-07-16 05:00:00,95.0,175.0,32.0,12.0,68.0,18.0,5.0,500.0,Severe,CO,True,Valid AQI,36.4,40,0.0,9.6,5,55.43,Moderate trapping,Dense urban proxy,Proxy from station/city naming,60,55,72.45,1.8421052631578947,0.5428571428571428,0.4705882352941176,0.5625,57.17,28.03,48.02,43.67,48.65,Vehicular traffic,57.17,48.65,8.52,42.58,Moderate confidence,elevated NO2/CO signal; road-density or urban-pressure influence; traffic/commercial land-use proxy,Aligned,"Immediate intervention: Implement traffic flow control, reduce idling zones, strengthen public transport diversion, and prioritize roadside monitoring.",2026-07-16 10:55:13,2026-07-16 04:00:00,499.9991231559984,449.4253934462481,499.9991231559984,500.0,Severe,500.0,Severe,Severe,-0.0008768440015956003,Stable,48.16,Moderate,Proxy derived from ground pollutants and meteorology; not direct satellite imagery,38.45,Low,78.01,High,75.62,High,63.41,High,1,1,0,Critical forecast hotspot,65.36,High,22,Usable,"Advanced intelligence layer combines real AQI, forecasted AQI, pollutant signals, meteorological dispersion, source attribution, and intervention scoring."
delhi__delhi__crri_mathura_road_delhi_iitm,"CRRI Mathura Road, Delhi - IITM",Delhi,Delhi,28.5512005,77.2735737,2026-07-16 05:00:00,80.0,190.0,55.0,,63.0,11.0,,500.0,Severe,CO,True,Valid AQI,35.7,43,0.0,10.7,5,54.54,Moderate trapping,Traffic / commercial proxy,Proxy from station/city naming,65,100,79.52,2.375,0.4210526315789473,0.873015873015873,0.2,74.66,0.0,60.19,29.75,50.6,Vehicular traffic,74.66,60.19,14.47,56.6,Moderate confidence,elevated NO2/CO signal; road-density or urban-pressure influence; traffic/commercial land-use proxy,Aligned,"Immediate intervention: Implement traffic flow control, reduce idling zones, strengthen public transport diversion, and prioritize roadside monitoring.",2026-07-16 10:55:13,2026-07-16 04:00:00,499.86131586685633,449.2875861571061,499.86131586685633,500.0,Severe,500.0,Severe,Severe,-0.1386841331436699,Stable,50.75,Moderate,Proxy derived from ground pollutants and meteorology; not direct satellite imagery,36.5,Low,77.24,High,75.94,High,63.4,High,1,1,0,Critical forecast hotspot,65.35,High,23,Usable,"Advanced intelligence layer combines real AQI, forecasted AQI, pollutant signals, meteorological dispersion, source attribution, and intervention scoring."
delhi__delhi__igi_airport_t3_delhi_iitm,"IGI Airport (T3), Delhi - IITM",Delhi,Delhi,28.5627763,77.1180053,2026-07-16 05:00:00,71.0,148.0,105.0,,59.0,36.0,,500.0,Severe,CO,True,Valid AQI,34.5,49,0.0,11.7,2,54.64,Moderate trapping,Dense urban proxy,Proxy from station/city naming,60,55,72.12,2.084507042253521,0.4797297297297297,1.7796610169491525,0.3428571428571428,73.98,0.0,46.37,38.24,58.21,Vehicular traffic,73.98,58.21,15.77,56.52,Moderate confidence,elevated NO2/CO signal; road-density or urban-pressure influence; traffic/commercial land-use proxy,Aligned,"Immediate intervention: Implement traffic flow control, reduce idling zones, strengthen public transport diversion, and prioritize roadside monitoring.",2026-07-16 10:55:13,2026-07-16 04:00:00,499.9332503113008,449.35952060155057,499.9332503113008,500.0,Severe,500.0,Severe,Severe,-0.06674968869918985,Stable,51.31,Moderate,Proxy derived from ground pollutants and meteorology; not direct satellite imagery,35.64,Low,75.88,High,75.93,High,62.93,High,1,1,0,Critical forecast hotspot,64.88,High,24,Usable,"Advanced intelligence layer combines real AQI, forecasted AQI, pollutant signals, meteorological dispersion, source attribution, and intervention scoring."
west_bengal__howrah__padmapukur_howrah_wbpcb,"Padmapukur, Howrah - WBPCB",Howrah,West Bengal,22.5687319,88.2797276,2026-07-16 05:00:00,30.0,37.0,30.0,6.0,57.0,19.0,7.0,500.0,Severe,CO,True,Valid AQI,30.1,78,0.0,11.4,96,75.24,High trapping,General urban / semi-urban proxy,Proxy from station/city naming,15,20,59.98,1.2333333333333334,0.8108108108108109,0.5263157894736842,0.6333333333333333,18.5,15.57,18.37,41.14,27.78,Biomass / fine-particle combustion,41.14,27.78,13.36,32.81,Low confidence,PM2.5-heavy fine-particle pattern; CO and stagnant-weather influence; high weather trapping,Partially aligned,"Immediate intervention: Track open burning, control biomass combustion sources, increase public alerts, and strengthen fine-particle monitoring.",2026-07-16 10:55:13,2026-07-16 04:00:00,499.80894193984346,449.2352122300932,499.80894193984346,500.0,Severe,500.0,Severe,Severe,-0.1910580601565357,Stable,26.21,Low,Proxy derived from ground pollutants and meteorology; not direct satellite imagery,69.3,High,70.76,High,75.69,High,63.04,High,1,1,0,Critical forecast hotspot,64.69,High,25,Usable,"Advanced intelligence layer combines real AQI, forecasted AQI, pollutant signals, meteorological dispersion, source attribution, and intervention scoring."
bihar__arrah__new_dm_office_arrah_bspcb,"New DM Office, Arrah - BSPCB",Arrah,Bihar,25.5626095,84.663264,2026-07-16 05:00:00,37.0,33.0,7.0,5.0,48.0,8.0,2.0,487.55,Severe,CO,True,Valid AQI,32.3,71,0.0,7.9,100,79.41,High trapping,General urban / semi-urban proxy,Proxy from station/city naming,15,20,60.56,0.8918918918918919,1.121212121212121,0.1458333333333333,1.1428571428571428,10.91,9.98,15.9,44.22,25.91,Biomass / fine-particle combustion,44.22,25.91,18.31,36.45,Low confidence,PM2.5-heavy fine-particle pattern; CO and stagnant-weather influence; high weather trapping,Partially aligned,"Immediate intervention: Track open burning, control biomass combustion sources, increase public alerts, and strengthen fine-particle monitoring.",2026-07-16 10:55:13,2026-07-16 04:00:00,491.06292845581874,440.4891987460685,491.06292845581874,500.0,Severe,487.55,Severe,Severe,3.5129284558187237,Stable,20.65,Low,Proxy derived from ground pollutants and meteorology; not direct satellite imagery,77.53,High,70.21,High,74.6,High,63.08,High,1,1,0,Critical forecast hotspot,64.59,High,26,Usable,"Advanced intelligence layer combines real AQI, forecasted AQI, pollutant signals, meteorological dispersion, source attribution, and intervention scoring."
delhi__delhi__jahangirpuri_delhi_dpcc,"Jahangirpuri, Delhi - DPCC",Delhi,Delhi,28.73282,77.170633,2026-07-16 05:00:00,116.0,209.0,29.0,13.0,41.0,6.0,4.0,443.96,Severe,CO,True,Valid AQI,35.5,45,0.0,9.9,3,56.53,Moderate trapping,Dense urban proxy,Proxy from station/city naming,60,55,67.69,1.8017241379310345,0.5550239234449761,0.7073170731707317,0.2068965517241379,51.16,23.98,51.77,40.95,45.53,Construction / road dust,51.77,51.16,0.61,36.42,Low confidence,PM10-heavy particulate pattern; road dust / coarse-particle likelihood,Partially aligned,"Immediate intervention: Apply dust suppression, cover construction material, clean road dust, and enforce construction-site controls.",2026-07-16 10:55:13,2026-07-16 04:00:00,473.8519263390205,423.2781966292703,473.8519263390205,500.0,Severe,443.96,Severe,Severe,29.89192633902053,Increasing,52.01,Moderate,Proxy derived from ground pollutants and meteorology; not direct satellite imagery,39.47,Low,75.2,High,73.41,High,62.88,High,1,1,1,Critical forecast hotspot,64.55,High,27,Usable,"Advanced intelligence layer combines real AQI, forecasted AQI, pollutant signals, meteorological dispersion, source attribution, and intervention scoring."
gujarat__ankleshwar__gidc_ankleshwar_gpcb,"GIDC, Ankleshwar - GPCB",Ankleshwar,Gujarat,21.613267,73.010555,2026-07-16 05:00:00,39.0,62.0,27.0,22.0,49.0,9.0,5.0,493.77,Severe,CO,True,Valid AQI,29.7,75,0.0,11.8,100,73.82,High trapping,General urban / semi-urban proxy,Proxy from station/city naming,15,20,58.81,1.5897435897435896,0.6290322580645161,0.5510204081632653,0.3333333333333333,16.18,20.12,21.72,38.77,25.28,Biomass / fine-particle combustion,38.77,25.28,13.49,31.19,Low confidence,PM2.5-heavy fine-particle pattern; CO and stagnant-weather influence; high weather trapping,Partially aligned,"Immediate intervention: Track open burning, control biomass combustion sources, increase public alerts, and strengthen fine-particle monitoring.",2026-07-16 10:55:13,2026-07-16 04:00:00,489.6757351058083,439.1020053960581,489.6757351058083,500.0,Severe,493.77,Severe,Severe,-4.094264894191667,Stable,28.69,Low,Proxy derived from ground pollutants and meteorology; not direct satellite imagery,67.5,High,70.75,High,74.81,High,62.91,High,1,1,0,Critical forecast hotspot,64.49,High,28,Usable,"Advanced intelligence layer combines real AQI, forecasted AQI, pollutant signals, meteorological dispersion, source attribution, and intervention scoring."
haryana__gurugram__vikas_sadan_gurugram_hspcb,"Vikas Sadan, Gurugram - HSPCB",Gurugram,Haryana,28.4501238,77.0263051,2026-07-16 05:00:00,331.0,212.0,6.0,1.0,26.0,8.0,,432.81,Severe,PM2.5,True,Valid AQI,35.2,45,0.0,14.1,6,49.23,Moderate trapping,Dense urban proxy,Proxy from station/city naming,60,55,63.61,0.6404833836858006,1.5613207547169812,0.2307692307692307,1.3333333333333333,42.4,13.23,52.45,65.37,42.35,Biomass / fine-particle combustion,65.37,52.45,12.92,49.64,Moderate confidence,PM2.5-heavy fine-particle pattern; CO and stagnant-weather influence,Partially aligned,"Immediate intervention: Track open burning, control biomass combustion sources, increase public alerts, and strengthen fine-particle monitoring.",2026-07-16 10:55:13,2026-07-16 04:00:00,426.7275716209715,376.15384191122126,426.7275716209715,477.30130133072174,Severe,432.81,Severe,Severe,-6.082428379028499,Stable,64.4,High,Proxy derived from ground pollutants and meteorology; not direct satellite imagery,27.26,Low,81.26,Critical,67.06,High,62.83,High,1,1,0,Critical forecast hotspot,64.17,High,29,Usable,"Advanced intelligence layer combines real AQI, forecasted AQI, pollutant signals, meteorological dispersion, source attribution, and intervention scoring."
bihar__hajipur__industrial_area_hajipur_bspcb,"Industrial Area, Hajipur - BSPCB",Hajipur,Bihar,25.697189,85.2459,2026-07-16 05:00:00,74.0,71.0,13.0,4.0,35.0,208.0,15.0,406.6,Severe,CO,True,Valid AQI,32.0,73,0.0,7.2,94,80.81,Very high trapping,Industrial / mixed urban proxy,Proxy from station/city naming,35,30,62.13,0.9594594594594594,1.0422535211267605,0.3714285714285714,16.0,17.86,32.35,25.29,35.55,58.49,Photochemical smog,58.49,35.55,22.94,47.82,Moderate confidence,O3 and temperature-related signal; urban photochemical formation likelihood,Partially aligned,"Immediate intervention: Control NOx and VOC sources, reduce peak-hour emissions, and issue ozone/smog exposure advisories.",2026-07-16 10:55:13,2026-07-16 04:00:00,408.44483298756825,357.871103277818,408.44483298756825,459.0185626973185,Severe,406.6,Severe,Severe,1.8448329875682248,Stable,35.69,Low,Proxy derived from ground pollutants and meteorology; not direct satellite imagery,79.38,High,66.74,High,67.87,High,63.4,High,1,1,0,Critical forecast hotspot,64.01,High,30,Usable,"Advanced intelligence layer combines real AQI, forecasted AQI, pollutant signals, meteorological dispersion, source attribution, and intervention scoring."
gujarat__ahmedabad__sac_isro_satellite_ahmedabad_iitm,"SAC ISRO Satellite, Ahmedabad - IITM",Ahmedabad,Gujarat,23.023389,72.515201,2026-07-16 05:00:00,47.0,59.0,26.0,5.0,96.0,16.0,3.0,500.0,Severe,CO,True,Valid AQI,31.6,62,0.0,9.0,39,68.01,High trapping,Dense urban proxy,Proxy from station/city naming,60,55,77.7,1.25531914893617,0.7966101694915254,0.2708333333333333,0.6153846153846154,61.08,28.37,34.43,49.14,39.79,Vehicular traffic,61.08,49.14,11.94,46.34,Moderate confidence,elevated NO2/CO signal; road-density or urban-pressure influence; traffic/commercial land-use proxy,Aligned,"Immediate intervention: Implement traffic flow control, reduce idling zones, strengthen public transport diversion, and prioritize roadside monitoring.",2026-07-16 10:55:13,2026-07-16 04:00:00,499.9991231559984,449.4253934462481,499.9991231559984,500.0,Severe,500.0,Severe,Severe,-0.0008768440015956003,Stable,30.89,Low,Proxy derived from ground pollutants and meteorology; not direct satellite imagery,57.51,Moderate,73.18,High,74.65,High,62.03,High,1,1,0,Critical forecast hotspot,63.85,High,31,Usable,"Advanced intelligence layer combines real AQI, forecasted AQI, pollutant signals, meteorological dispersion, source attribution, and intervention scoring."
west_bengal__kolkata__victoria_kolkata_wbpcb,"Victoria, Kolkata - WBPCB",Kolkata,West Bengal,22.5448082,88.3403691,2026-07-16 05:00:00,74.0,89.0,18.0,14.0,36.0,53.0,8.0,412.83,Severe,CO,True,Valid AQI,30.1,79,0.0,11.1,92,75.76,High trapping,Dense urban proxy,Proxy from station/city naming,60,55,72.82,1.2027027027027026,0.8314606741573034,0.5,2.9444444444444446,47.4,21.77,38.55,42.07,39.44,Vehicular traffic,47.4,42.07,5.33,34.78,Low confidence,elevated NO2/CO signal; road-density or urban-pressure influence; traffic/commercial land-use proxy,Aligned,"Immediate intervention: Implement traffic flow control, reduce idling zones, strengthen public transport diversion, and prioritize roadside monitoring.",2026-07-16 10:55:13,2026-07-16 04:00:00,426.6471963417782,376.073466632028,426.6471963417782,477.22092605152847,Severe,412.83,Severe,Severe,13.817196341778242,Stable,38.27,Low,Proxy derived from ground pollutants and meteorology; not direct satellite imagery,69.87,High,68.29,High,69.2,High,62.88,High,1,1,0,Critical forecast hotspot,63.78,High,32,Usable,"Advanced intelligence layer combines real AQI, forecasted AQI, pollutant signals, meteorological dispersion, source attribution, and intervention scoring."
himachal_pradesh__baddi__himuda_complex_phase_1_baddi_hppcb,"HIMUDA Complex Phase-1, Baddi - HPPCB",Baddi,Himachal Pradesh,30.943887,76.801991,2026-07-16 05:00:00,69.0,155.0,9.0,,53.0,,7.0,500.0,Severe,CO,True,Valid AQI,32.2,58,0.0,8.3,3,64.2,High trapping,Industrial / mixed urban proxy,Proxy from station/city naming,35,30,63.89,2.246376811594203,0.4451612903225806,0.1698113207547169,,20.34,0.0,36.57,29.78,0.0,Construction / road dust,36.57,29.78,6.79,27.64,Low confidence,PM10-heavy particulate pattern; road dust / coarse-particle likelihood,Partially aligned,"Immediate intervention: Apply dust suppression, cover construction material, clean road dust, and enforce construction-site controls.",2026-07-16 10:55:13,2026-07-16 04:00:00,499.9840318329243,449.41030212317406,499.9840318329243,500.0,Severe,500.0,Severe,Severe,-0.015968167075698148,Stable,35.85,Low,Proxy derived from ground pollutants and meteorology; not direct satellite imagery,50.42,Moderate,74.12,High,74.6,High,61.87,High,1,1,0,Critical forecast hotspot,63.76,High,33,Usable,"Advanced intelligence layer combines real AQI, forecasted AQI, pollutant signals, meteorological dispersion, source attribution, and intervention scoring."
delhi__delhi__pusa_delhi_dpcc,"Pusa, Delhi - DPCC",Delhi,Delhi,28.639652,77.146275,2026-07-16 05:00:00,69.0,190.0,52.0,10.0,46.0,4.0,13.0,475.09,Severe,CO,True,Valid AQI,35.6,45,0.0,10.4,8,56.12,Moderate trapping,Dense urban proxy,Proxy from station/city naming,60,55,70.42,2.753623188405797,0.3631578947368421,1.1304347826086956,0.0769230769230769,57.98,27.44,51.21,35.33,48.05,Vehicular traffic,57.98,51.21,6.77,42.62,Moderate confidence,elevated NO2/CO signal; road-density or urban-pressure influence; traffic/commercial land-use proxy,Aligned,"Immediate intervention: Implement traffic flow control, reduce idling zones, strengthen public transport diversion, and prioritize roadside monitoring.",2026-07-16 10:55:13,2026-07-16 04:00:00,499.9498569779674,449.3761272682172,499.9498569779674,500.0,Severe,475.09,Severe,Severe,24.85985697796741,Stable,46.34,Moderate,Proxy derived from ground pollutants and meteorology; not direct satellite imagery,38.96,Low,73.38,High,75.28,High,61.66,High,1,1,0,Critical forecast hotspot,63.61,High,34,Usable,"Advanced intelligence layer combines real AQI, forecasted AQI, pollutant signals, meteorological dispersion, source attribution, and intervention scoring."
delhi__delhi__ashok_vihar_delhi_dpcc,"Ashok Vihar, Delhi - DPCC",Delhi,Delhi,28.695381,77.181665,2026-07-16 05:00:00,85.0,174.0,25.0,12.0,51.0,5.0,5.0,500.0,Severe,CO,True,Valid AQI,35.5,45,0.0,9.9,3,56.53,Moderate trapping,Dense urban proxy,Proxy from station/city naming,60,55,72.91,2.047058823529412,0.4885057471264368,0.4901960784313725,0.2,52.09,24.37,48.32,39.12,44.88,Vehicular traffic,52.09,48.32,3.77,37.59,Low confidence,elevated NO2/CO signal; road-density or urban-pressure influence; traffic/commercial land-use proxy,Aligned,"Immediate intervention: Implement traffic flow control, reduce idling zones, strengthen public transport diversion, and prioritize roadside monitoring.",2026-07-16 10:55:13,2026-07-16 04:00:00,499.9991773770601,449.42544766730987,499.9991773770601,500.0,Severe,500.0,Severe,Severe,-0.0008226229398928808,Stable,42.66,Moderate,Proxy derived from ground pollutants and meteorology; not direct satellite imagery,39.47,Low,76.21,High,74.31,High,61.58,High,1,1,0,Critical forecast hotspot,63.59,High,35,Usable,"Advanced intelligence layer combines real AQI, forecasted AQI, pollutant signals, meteorological dispersion, source attribution, and intervention scoring."
haryana__sonipat__murthal_sonipat_hspcb,"Murthal, Sonipat - HSPCB",Sonipat,Haryana,29.0272,77.0621,2026-07-16 05:00:00,205.0,147.0,7.0,42.0,32.0,42.0,9.0,388.28,Very Poor,CO,True,Valid AQI,34.2,56,0.0,9.9,11,61.37,High trapping,General urban / semi-urban proxy,Proxy from station/city naming,15,20,43.79,0.7170731707317073,1.3945578231292517,0.21875,6.0,7.8,22.03,28.88,55.95,37.58,Biomass / fine-particle combustion,55.95,37.58,18.37,44.68,Moderate confidence,PM2.5-heavy fine-particle pattern; CO and stagnant-weather influence; high weather trapping,Partially aligned,"Immediate intervention: Track open burning, control biomass combustion sources, increase public alerts, and strengthen fine-particle monitoring.",2026-07-16 10:55:13,2026-07-16 04:00:00,383.9598244039336,333.3860946941833,383.9598244039336,434.5335541136838,Very Poor,388.28,Very Poor,Very Poor,-4.320175596066349,Stable,58.4,Moderate,Proxy derived from ground pollutants and meteorology; not direct satellite imagery,46.24,Moderate,74.98,High,64.39,High,62.74,High,1,1,0,Critical forecast hotspot,63.52,High,36,Usable,"Advanced intelligence layer combines real AQI, forecasted AQI, pollutant signals, meteorological dispersion, source attribution, and intervention scoring."
rajasthan__jaipur__riico_sitapura_jaipur_rspcb,"RIICO Sitapura, Jaipur - RSPCB",Jaipur,Rajasthan,26.786682,75.827928,2026-07-16 05:00:00,232.0,134.0,30.0,8.0,35.0,25.0,2.0,406.6,Severe,CO,True,Valid AQI,33.2,51,0.0,14.4,6,50.89,Moderate trapping,Dense urban proxy,Proxy from station/city naming,60,55,61.86,0.5775862068965517,1.7313432835820894,0.8571428571428571,0.8333333333333334,50.25,21.33,44.08,58.19,45.26,Biomass / fine-particle combustion,58.19,50.25,7.94,43.11,Moderate confidence,PM2.5-heavy fine-particle pattern; CO and stagnant-weather influence,Partially aligned,"Immediate intervention: Track open burning, control biomass combustion sources, increase public alerts, and strengthen fine-particle monitoring.",2026-07-16 10:55:13,2026-07-16 04:00:00,425.8336111448837,375.2598814351335,425.8336111448837,476.407340854634,Severe,406.6,Severe,Severe,19.233611144883696,Stable,61.49,High,Proxy derived from ground pollutants and meteorology; not direct satellite imagery,29.15,Low,79.54,High,67.1,High,62.12,High,1,1,0,Critical forecast hotspot,63.49,High,37,Usable,"Advanced intelligence layer combines real AQI, forecasted AQI, pollutant signals, meteorological dispersion, source attribution, and intervention scoring."
delhi__delhi__ihbas_dilshad_garden_delhi_cpcb,"IHBAS, Dilshad Garden, Delhi - CPCB",Delhi,Delhi,28.6811736,77.3025234,2026-07-16 05:00:00,104.0,128.0,19.0,16.0,74.0,21.0,6.0,500.0,Severe,CO,True,Valid AQI,36.2,41,0.0,10.2,4,54.61,Moderate trapping,Dense urban proxy,Proxy from station/city naming,60,55,72.11,1.2307692307692308,0.8125,0.2567567567567567,1.105263157894737,55.03,28.26,42.4,47.4,47.22,Vehicular traffic,55.03,47.4,7.63,40.81,Moderate confidence,elevated NO2/CO signal; road-density or urban-pressure influence; traffic/commercial land-use proxy,Aligned,"Immediate intervention: Implement traffic flow control, reduce idling zones, strengthen public transport diversion, and prioritize roadside monitoring.",2026-07-16 10:55:13,2026-07-16 04:00:00,499.9991773770601,449.42544766730987,499.9991773770601,500.0,Severe,500.0,Severe,Severe,-0.0008226229398928808,Stable,42.37,Moderate,Proxy derived from ground pollutants and meteorology; not direct satellite imagery,36.89,Low,77.58,High,73.71,High,61.24,High,1,1,0,Critical forecast hotspot,63.3,High,38,Usable,"Advanced intelligence layer combines real AQI, forecasted AQI, pollutant signals, meteorological dispersion, source attribution, and intervention scoring."
bihar__patna__govt_high_school_shikarpur_patna_bspcb,"Govt. High School Shikarpur, Patna - BSPCB",Patna,Bihar,25.592539,85.227158,2026-07-16 05:00:00,36.0,57.0,12.0,13.0,40.0,29.0,6.0,437.74,Severe,CO,True,Valid AQI,32.1,72,0.0,5.9,92,82.59,Very high trapping,Dense urban proxy,Proxy from station/city naming,60,55,77.99,1.5833333333333333,0.631578947368421,0.3,2.4166666666666665,46.65,20.95,33.25,40.25,37.84,Vehicular traffic,46.65,40.25,6.4,34.57,Low confidence,elevated NO2/CO signal; road-density or urban-pressure influence; traffic/commercial land-use proxy,Aligned,"Immediate intervention: Implement traffic flow control, reduce idling zones, strengthen public transport diversion, and prioritize roadside monitoring.",2026-07-16 10:55:13,2026-07-16 04:00:00,438.2015404814113,387.6278107716611,438.2015404814113,488.7752701911616,Severe,437.74,Severe,Severe,0.4615404814113049,Stable,24.78,Low,Proxy derived from ground pollutants and meteorology; not direct satellite imagery,82.47,Critical,66.6,High,69.52,High,62.29,High,1,1,0,Critical forecast hotspot,63.23,High,39,Usable,"Advanced intelligence layer combines real AQI, forecasted AQI, pollutant signals, meteorological dispersion, source attribution, and intervention scoring."
odisha__rourkela__raghunathpali_rourkela_ospcb,"Raghunathpali, Rourkela - OSPCB",Rourkela,Odisha,22.220833,84.809444,2026-07-16 05:00:00,33.0,155.0,15.0,6.0,43.0,8.0,2.0,456.42,Severe,CO,True,Valid AQI,29.2,82,0.1,8.6,63,72.23,High trapping,General urban / semi-urban proxy,Proxy from station/city naming,15,20,54.66,4.696969696969697,0.2129032258064516,0.3488372093023256,0.5333333333333333,11.97,10.99,31.96,34.28,22.32,Biomass / fine-particle combustion,34.28,31.96,2.32,24.69,Low confidence,PM2.5-heavy fine-particle pattern; CO and stagnant-weather influence; high weather trapping,Partially aligned,"Immediate intervention: Track open burning, control biomass combustion sources, increase public alerts, and strengthen fine-particle monitoring.",2026-07-16 10:55:13,2026-07-16 04:00:00,463.0408127454096,412.46708303565936,463.0408127454096,500.0,Severe,456.42,Severe,Severe,6.62081274540958,Stable,35.41,Low,Proxy derived from ground pollutants and meteorology; not direct satellite imagery,64.58,High,66.63,High,72.29,High,61.67,High,1,1,0,Critical forecast hotspot,62.98,High,40,Usable,"Advanced intelligence layer combines real AQI, forecasted AQI, pollutant signals, meteorological dispersion, source attribution, and intervention scoring."
uttar_pradesh__meerut__ganga_nagar_meerut_uppcb,"Ganga Nagar, Meerut - UPPCB",Meerut,Uttar Pradesh,28.999264,77.7590354,2026-07-16 05:00:00,69.0,139.0,33.0,27.0,47.0,28.0,10.0,481.32,Severe,CO,True,Valid AQI,34.0,59,0.0,8.7,4,63.95,High trapping,General urban / semi-urban proxy,Proxy from station/city naming,15,20,53.53,2.0144927536231885,0.4964028776978417,0.7021276595744681,0.8484848484848485,17.32,22.79,29.2,38.83,39.0,Photochemical smog,39.0,38.83,0.17,27.35,Low confidence,O3 and temperature-related signal; urban photochemical formation likelihood,Partially aligned,"Immediate intervention: Control NOx and VOC sources, reduce peak-hour emissions, and issue ozone/smog exposure advisories.",2026-07-16 10:55:13,2026-07-16 04:00:00,479.5153521535092,428.9416224437589,479.5153521535092,500.0,Severe,481.32,Severe,Severe,-1.8046478464908091,Stable,39.51,Low,Proxy derived from ground pollutants and meteorology; not direct satellite imagery,49.88,Moderate,71.43,High,72.8,High,61.15,High,1,1,0,Critical forecast hotspot,62.83,High,41,Usable,"Advanced intelligence layer combines real AQI, forecasted AQI, pollutant signals, meteorological dispersion, source attribution, and intervention scoring."
delhi__delhi__rohini_delhi_dpcc,"Rohini, Delhi - DPCC",Delhi,Delhi,28.732528,77.11992,2026-07-16 05:00:00,61.0,181.0,29.0,8.0,66.0,4.0,7.0,500.0,Severe,CO,True,Valid AQI,35.8,44,0.0,10.0,7,56.38,Moderate trapping,Dense urban proxy,Proxy from station/city naming,60,55,72.85,2.9672131147540983,0.3370165745856354,0.4393939393939394,0.1379310344827586,56.02,25.67,50.34,38.33,45.43,Vehicular traffic,56.02,50.34,5.68,40.92,Moderate confidence,elevated NO2/CO signal; road-density or urban-pressure influence; traffic/commercial land-use proxy,Aligned,"Immediate intervention: Implement traffic flow control, reduce idling zones, strengthen public transport diversion, and prioritize roadside monitoring.",2026-07-16 10:55:13,2026-07-16 04:00:00,499.9991773770601,449.42544766730987,499.9991773770601,500.0,Severe,500.0,Severe,Severe,-0.0008226229398928808,Stable,41.87,Moderate,Proxy derived from ground pollutants and meteorology; not direct satellite imagery,39.51,Low,73.75,High,74.1,High,60.63,High,1,1,0,Critical forecast hotspot,62.63,High,42,Usable,"Advanced intelligence layer combines real AQI, forecasted AQI, pollutant signals, meteorological dispersion, source attribution, and intervention scoring."
uttar_pradesh__lucknow__lalbagh_lucknow_cpcb,"Lalbagh, Lucknow - CPCB",Lucknow,Uttar Pradesh,26.8458805,80.9365541,2026-07-16 05:00:00,74.0,72.0,27.0,8.0,43.0,29.0,12.0,456.42,Severe,CO,True,Valid AQI,34.1,59,0.0,7.3,18,67.88,High trapping,Dense urban proxy,Proxy from station/city naming,60,55,73.59,0.972972972972973,1.0277777777777777,0.627906976744186,1.0740740740740742,51.04,21.99,34.69,43.74,45.99,Vehicular traffic,51.04,45.99,5.05,37.24,Low confidence,elevated NO2/CO signal; road-density or urban-pressure influence; traffic/commercial land-use proxy,Aligned,"Immediate intervention: Implement traffic flow control, reduce idling zones, strengthen public transport diversion, and prioritize roadside monitoring.",2026-07-16 10:55:13,2026-07-16 04:00:00,480.4212975853671,429.8475678756169,480.4212975853671,500.0,Severe,456.42,Severe,Severe,24.00129758536707,Stable,31.17,Low,Proxy derived from ground pollutants and meteorology; not direct satellite imagery,57.01,Moderate,71.35,High,72.03,High,60.65,High,1,1,0,Critical forecast hotspot,62.32,High,43,Usable,"Advanced intelligence layer combines real AQI, forecasted AQI, pollutant signals, meteorological dispersion, source attribution, and intervention scoring."
odisha__cuttack__cda_area_cuttack_ospcb,"CDA Area, Cuttack - OSPCB",Cuttack,Odisha,20.48891,85.84768,2026-07-16 05:00:00,57.0,78.0,30.0,13.0,55.0,47.0,8.0,500.0,Severe,CO,True,Valid AQI,25.8,95,0.1,23.1,100,54.47,Moderate trapping,Industrial / mixed urban proxy,Proxy from station/city naming,35,30,59.84,1.368421052631579,0.7307692307692307,0.5454545454545454,1.5666666666666669,26.07,41.64,31.28,25.18,27.2,Industrial combustion,41.64,31.28,10.36,32.26,Low confidence,SO2 and combustion-related pollutant influence; industrial land-use proxy,Aligned,"Immediate intervention: Increase industrial emission inspection, check stack compliance, enforce fuel-quality standards, and monitor nearby industrial clusters.",2026-07-16 10:55:13,2026-07-16 04:00:00,498.0704473243831,447.4967176146328,498.0704473243831,500.0,Severe,500.0,Severe,Severe,-1.9295526756168897,Stable,39.28,Low,Proxy derived from ground pollutants and meteorology; not direct satellite imagery,41.02,Moderate,71.9,High,73.51,High,59.68,Moderate,1,1,0,Critical forecast hotspot,61.68,High,44,Usable,"Advanced intelligence layer combines real AQI, forecasted AQI, pollutant signals, meteorological dispersion, source attribution, and intervention scoring."
andhra_pradesh__amaravati__secretariat_amaravati_appcb,"Secretariat, Amaravati - APPCB",Amaravati,Andhra Pradesh,16.5150833,80.5181667,2026-07-16 05:00:00,54.0,172.0,32.0,16.0,61.0,13.0,3.0,500.0,Severe,CO,True,Valid AQI,31.9,55,0.0,17.7,100,55.79,Moderate trapping,General urban / semi-urban proxy,Proxy from station/city naming,15,20,51.86,3.185185185185185,0.313953488372093,0.5245901639344263,0.40625,19.79,20.38,38.4,34.56,29.28,Construction / road dust,38.4,34.56,3.84,28.03,Low confidence,PM10-heavy particulate pattern; road dust / coarse-particle likelihood,Partially aligned,"Immediate intervention: Apply dust suppression, cover construction material, clean road dust, and enforce construction-site controls.",2026-07-16 10:55:13,2026-07-16 04:00:00,465.7394271929824,415.1656974832322,465.7394271929824,500.0,Severe,500.0,Severe,Severe,-34.26057280701758,Decreasing,45.83,Moderate,Proxy derived from ground pollutants and meteorology; not direct satellite imagery,40.15,Moderate,70.21,High,72.2,High,59.92,Moderate,1,1,0,Critical forecast hotspot,61.66,High,45,Usable,"Advanced intelligence layer combines real AQI, forecasted AQI, pollutant signals, meteorological dispersion, source attribution, and intervention scoring."
bihar__katihar__mirchaibari_katihar_bspcb,"Mirchaibari, Katihar - BSPCB",Katihar,Bihar,25.560083,87.553265,2026-07-16 05:00:00,9.0,10.0,2.0,22.0,90.0,27.0,1.0,500.0,Severe,CO,True,Valid AQI,31.8,74,0.0,11.5,100,73.99,High trapping,General urban / semi-urban proxy,Proxy from station/city naming,15,20,59.46,1.1111111111111112,0.9,0.0222222222222222,13.5,17.79,21.86,15.33,45.63,27.32,Biomass / fine-particle combustion,45.63,27.32,18.31,37.43,Low confidence,PM2.5-heavy fine-particle pattern; CO and stagnant-weather influence; high weather trapping,Partially aligned,"Immediate intervention: Track open burning, control biomass combustion sources, increase public alerts, and strengthen fine-particle monitoring.",2026-07-16 10:55:13,2026-07-16 04:00:00,498.9251144671094,448.3513847573592,498.9251144671094,500.0,Severe,500.0,Severe,Severe,-1.0748855328906188,Stable,19.86,Minimal,Proxy derived from ground pollutants and meteorology; not direct satellite imagery,67.94,High,67.51,High,73.58,High,59.89,Moderate,1,1,0,Critical forecast hotspot,61.64,High,46,Usable,"Advanced intelligence layer combines real AQI, forecasted AQI, pollutant signals, meteorological dispersion, source attribution, and intervention scoring."
uttar_pradesh__noida__sector_62_noida_iitm,"Sector - 62, Noida - IITM",Noida,Uttar Pradesh,28.6245479,77.3577104,2026-07-16 05:00:00,89.0,149.0,31.0,,48.0,21.0,,487.55,Severe,CO,True,Valid AQI,36.4,40,0.0,9.6,5,55.43,Moderate trapping,Industrial / mixed urban proxy,Proxy from station/city naming,70,65,76.18,1.6741573033707866,0.5973154362416108,0.6458333333333334,0.6774193548387096,43.26,0.0,48.68,29.54,50.77,Photochemical smog,50.77,48.68,2.09,36.17,Low confidence,O3 and temperature-related signal; urban photochemical formation likelihood,Partially aligned,"Immediate intervention: Control NOx and VOC sources, reduce peak-hour emissions, and issue ozone/smog exposure advisories.",2026-07-16 10:55:13,2026-07-16 04:00:00,472.4714018718767,421.8976721621264,472.4714018718767,500.0,Severe,487.55,Severe,Severe,-15.078598128123303,Stable,41.74,Moderate,Proxy derived from ground pollutants and meteorology; not direct satellite imagery,38.45,Low,74.15,High,70.78,High,59.52,Moderate,1,1,0,Critical forecast hotspot,61.38,High,47,Usable,"Advanced intelligence layer combines real AQI, forecasted AQI, pollutant signals, meteorological dispersion, source attribution, and intervention scoring."
